LogID,OSID
232851,1
226011,6
46486011,6
46156111,8
234031,3
517651,8
219511,9
222711,8
223021,8
223151,1
224301,9
47959061,2
239871,6
43664081,8
223831,2
223861,5
223891,8
223901,7
223931,4
223821,8
222621,4
205361,5
209971,7
206251,6
215291,7
5014011,8
215321,9
215441,2
215451,9
215501,5
215361,4
207141,9
404401,2
207111,7
404451,7
230151,1
230161,7
229431,3
518001,4
229441,4
202501,2
213921,8
213931,1
213581,5
225761,7
213061,8
203201,8
203451,3
212991,6
213001,6
213011,1
217831,4
212241,7
211061,3
230771,4
229901,3
212151,8
206311,6
217991,9
210881,2
202491,9
208831,4
239801,9
225611,9
239741,1
212161,4
518031,1
46037011,7
43332231,3
43332261,8
43332181,4
237291,8
43332131,2
201131,5
229891,1
204591,7
229911,5
518011,7
214011,7
48559031,1
211221,5
210801,2
217981,7
217601,5
239301,5
29030001,6
204781,8
237981,9
205251,1
203321,6
203141,8
203181,2
222061,3
222141,9
222601,9
222371,1
224021,3
203841,6
203461,8
203911,7
206851,6
38562031,8
38562041,3
38562051,7
206631,6
206541,7
46156481,7
214851,9
204361,2
204991,4
205291,2
218321,5
211501,8
225721,2
225661,1
203441,7
225671,8
517731,9
43332221,8
47121021,4
43332271,2
212751,8
201201,4
201211,8
201271,5
212741,8
232852,4
226012,2
46486012,7
46156112,1
234032,7
517652,8
219512,2
222712,8
223022,7
223152,4
224302,4
47959062,4
239872,1
43664062,6
223832,5
223862,3
223892,5
223902,4
223922,3
223932,2
223822,6
222622,5
221202,8
210052,8
205362,8
206252,1
205472,6
230152,4
230162,6
518032,4
229432,8
518002,1
229442,1
206982,3
233772,8
233782,2
233812,5
47849002,6
47849012,9
47849022,7
47849032,9
205622,9
230172,2
47849052,8
47849062,5
205202,9
47849082,3
47849342,5
47849092,9
47849102,2
47849112,8
47849122,8
46953002,8
47849132,9
47849142,5
47849152,7
47849162,5
47849172,5
47849182,1
47849212,3
47849252,2
206092,8
47849272,2
47849292,1
47849302,2
202822,4
223722,8
222612,6
223172,5
223182,8
223192,4
223202,7
223212,3
223222,9
223232,5
47959022,8
47959012,9
222792,3
47849312,9
47849262,8
206262,6
205652,3
231382,6
209972,2
215292,1
215572,6
215532,5
215542,6
215442,4
215452,1
215502,4
215362,1
404402,9
207142,3
207112,9
404452,4
48347002,4
202502,4
213922,3
213932,1
213582,3
225762,4
213062,2
212992,8
213002,1
217832,3
213012,2
212242,3
239742,6
212162,9
211062,1
46156552,1
202492,1
212152,5
46156522,9
214382,3
217522,8
517992,4
214442,4
214502,8
213592,1
213642,1
213632,9
211072,9
212392,3
213432,9
213442,5
213402,3
45081032,5
214202,7
45081002,3
45081012,9
230932,4
230942,6
47578002,8
314312,1
314272,5
43664082,2
5014012,3
215322,9
206312,7
208832,2
239802,7
29030002,5
225662,1
229892,4
214402,8
214342,9
205682,2
47849072,3
213612,3
232853,2
226013,4
46486013,5
46156113,8
234033,3
517653,4
219513,4
222713,9
223023,4
223153,1
224303,9
47959063,4
239873,6
43664063,8
223833,8
223863,9
223893,9
223903,3
223923,3
223933,5
223823,3
222623,6
221203,1
210053,5
205363,8
206253,4
205473,7
230153,4
230163,6
229433,5
518003,4
202493,6
202503,3
229443,9
518033,1
206983,6
233773,5
233783,4
233813,5
47849003,2
47849013,4
47849023,4
47849033,8
205623,9
230173,2
47849053,7
47849063,5
205203,3
47849083,8
47849343,8
47849093,9
47849103,9
47849113,7
47849123,6
46953003,1
47849133,9
47849143,9
47849153,7
47849163,3
47849173,4
47849183,2
47849213,9
47849253,6
206093,9
47849273,9
47849293,5
47849303,5
202823,5
223723,4
222613,3
223173,7
223183,9
223193,7
223203,5
223213,3
223223,8
223233,6
47959023,3
47959013,3
222793,6
47849313,2
47849263,8
206263,6
205653,6
231383,3
209973,8
215293,6
215443,2
215453,6
215503,2
215363,3
207143,5
207113,4
404403,2
404453,4
208833,6
48347003,5
213923,7
213933,9
213583,2
225763,8
213063,1
212993,4
213003,2
217833,3
213013,6
212243,7
211063,8
212153,1
239803,7
29030003,5
212163,7
46156523,4
214383,6
217523,7
225663,7
517993,9
214403,2
214343,9
46156553,4
229893,2
239743,7
214443,3
214503,2
213593,4
213613,5
213633,4
211073,5
212393,9
213433,2
213443,2
213403,2
45081033,5
214203,8
45081003,5
45081013,9
230933,1
230943,8
47578003,2
314313,8
314273,6
43664083,5
213643,3
215573,5
215533,1
215543,5
206313,5
213533,6
518143,2
206573,7
213313,5
225723,2
224023,8
204363,8
203203,3
203453,5
5180703,9
238793,2
203143,5
203183,8
222063,2
222143,8
222603,1
222373,1
207013,5
204383,8
203843,3
203463,9
204403,4
203913,5
206853,3
38562013,1
38562033,8
38562043,8
206633,1
204473,7
202793,3
517833,9
203833,9
517733,3
205293,1
225673,8
46514013,9
205283,7
230773,5
229903,7
204003,2
203193,8
225613,5
204783,3
230193,7
46156103,8
218093,1
214753,1
46037013,8
43332233,9
43332263,5
43332223,9
47121023,4
237293,1
43332133,4
43332083,3
232854,1
226014,8
46486014,9
225584,9
229404,2
46156114,6
234034,7
517654,1
219514,9
231044,7
231084,8
233234,8
222714,2
223024,5
223154,3
224304,1
47959064,6
239874,9
223444,1
230984,6
223434,9
223034,2
224144,7
224284,6
43664084,6
224244,3
46156314,3
46156344,1
224114,1
224134,4
222084,4
222094,1
222104,4
202804,6
223834,2
223864,8
223894,7
223904,4
223924,5
223934,7
223944,1
223824,2
223744,7
223684,5
222624,3
223054,9
223074,9
222754,9
46156334,4
209074,6
225464,9
205774,1
210104,5
209224,1
212844,3
210174,4
205364,4
219654,3
209264,5
518034,3
219714,8
202274,1
202374,9
231094,4
231074,1
209214,9
209974,6
224234,4
224124,7
222444,5
206254,5
225924,3
224164,8
213344,5
52950004,4
213354,7
212954,5
230744,8
212824,7
215294,1
5014014,7
215324,8
212944,7
212984,9
215444,8
215454,1
215504,4
205844,2
240984,2
240994,2
212304,6
212544,5
224154,6
209304,1
518014,2
215364,3
212914,8
231054,7
212054,6
219764,9
314524,9
207144,3
404404,3
207114,5
404454,2
230154,3
230164,2
201194,5
229434,9
229834,3
518004,3
229344,1
229354,5
227904,2
227834,2
223734,6
202504,7
229864,2
229444,1
206314,4
229374,5
212884,1
46156304,6
218204,7
213924,8
213934,9
213584,5
46156184,2
218104,5
218114,1
214834,8
218274,8
213204,9
213064,8
46156704,7
226074,2
225764,5
225854,5
229284,3
229294,5
229304,9
212994,2
213004,8
213014,2
229324,7
229334,3
211124,1
211104,6
211114,6
217834,3
210904,6
212244,7
229274,5
229254,2
211064,4
239044,4
213424,4
219614,7
240954,1
240964,4
29030004,4
50318004,9
240974,2
46463004,9
46306014,5
46463024,2
225974,6
226084,5
46156204,8
218264,8
213964,4
218084,7
212154,5
213364,7
217994,8
210884,7
210924,3
217614,9
215874,7
48559014,3
212704,5
212724,9
212264,8
210964,2
212734,1
212964,4
212714,4
212904,5
209244,6
224254,7
224264,6
48922014,2
239054,1
44529014,6
204994,6
231064,7
202384,8
209714,9
207014,3
202264,1
203204,1
202494,8
222074,5
223314,5
48221004,3
218254,8
239864,2
209284,2
230994,8
205244,9
225284,6
208834,1
219624,1
229894,7
225334,9
46037014,3
43332064,8
43332234,1
43332264,4
43332174,6
201584,6
201574,2
43332164,1
43332124,7
237294,6
43332134,3
201604,7
4332144,7
201094,3
201104,1
201134,2
4668114,5
43332214,6
44951334,2
46681324,5
44951344,3
225954,4
43332224,5
47121024,4
46463014,4
46156084,7
225664,4
47543014,8
46156104,3
223814,7
53841004,3
223994,3
224014,9
224024,8
205254,1
237984,1
212754,7
219704,5
223084,7
46156524,6
214384,1
217524,8
517994,6
214404,5
214344,9
212554,4
203244,4
222114,7
517794,5
223364,7
517804,2
203454,5
227874,1
230194,1
232855,8
226015,9
46486015,2
46156115,7
234035,4
517655,7
219515,6
222715,2
223025,3
223155,6
224305,8
47959065,8
239875,6
43664065,2
223835,5
223865,6
223895,9
223905,6
223925,1
223935,1
223825,9
222625,6
221205,6
221845,7
210055,2
205365,3
206255,5
205475,4
230155,4
230165,6
518035,5
229435,2
518005,7
229445,6
206985,9
233775,5
233785,8
233815,9
47849005,4
47849015,5
47849025,4
47849035,9
205625,4
230175,9
47849055,1
47849065,8
205205,1
47849085,1
47849345,2
47849095,8
47849105,7
47849115,6
47849125,8
46953005,4
47849135,5
47849145,9
47849155,1
47849165,6
47849175,4
47849185,4
47849215,8
47849255,4
206095,3
47849275,6
47849295,1
47849305,2
202825,9
223725,5
222615,7
223175,6
223185,3
223195,2
223205,7
223215,1
223225,1
223235,5
47959025,6
47959015,3
222795,8
47849315,3
47849265,5
206265,8
205655,3
231385,8
209975,8
215295,1
215575,3
215535,3
215545,6
215445,7
215455,3
215505,3
215365,5
207145,9
404405,6
207115,1
404455,9
202505,3
48347005,1
213925,6
213935,9
213585,1
213065,9
225765,6
212995,8
213005,8
213015,4
217835,2
212245,8
211065,8
239745,7
212165,6
46156555,7
202495,5
212155,4
46156525,1
214385,3
217525,4
517995,7
214445,5
214505,9
213595,3
213645,3
213635,6
211075,2
212395,2
213435,5
213445,4
213405,5
45081035,7
213535,2
518145,5
206575,4
213315,9
225725,7
204365,8
224025,6
225675,1
232856,8
226016,4
46486016,1
46156116,5
234036,4
517656,8
219516,8
222716,9
223026,3
223156,9
224306,3
47959066,9
239876,5
43664086,2
223836,5
223866,7
223896,2
223906,8
223926,7
223936,5
223826,9
222626,7
205366,1
209976,5
206256,8
215296,4
5014016,6
215326,2
215446,3
215456,9
215506,8
215366,2
207146,8
404406,8
207116,9
404456,2
230156,1
230166,6
229436,5
518006,3
202506,3
229446,5
48347006,2
213926,5
213936,5
213586,8
213066,8
225766,1
203206,3
239746,3
212166,6
212156,1
203456,5
212996,8
213006,1
217836,2
213016,8
212246,7
211066,8
206316,9
239806,5
217996,3
210886,9
202496,4
204596,1
229916,6
214016,1
48559036,7
211226,3
210806,7
217986,8
217606,6
46037016,9
43332236,6
43332266,5
43332186,5
237296,2
43332136,1
201136,3
205296,1
518036,1
239306,6
215816,7
46156616,1
214376,1
217526,9
517996,6
225666,4
214506,2
213596,5
213646,2
213636,9
211076,5
212396,3
212756,8
213436,8
210946,8
213446,2
213406,5
45081036,7
213536,4
518146,9
206576,9
213316,5
225726,4
225676,9
43332226,7
47121026,3
204366,8
208836,9
229896,7
225616,1
204786,9
43332276,7
46156106,1
218096,3
214756,6
46156556,6
43332086,1
232857,8
226017,7
46486017,7
46156117,4
234037,1
517657,2
219517,4
222717,9
223027,4
223157,7
224307,6
47959067,7
239877,2
43664067,3
223837,4
223867,4
223897,5
223907,1
223927,1
223937,7
223827,8
222627,6
221207,8
210057,1
205367,4
206257,4
205477,1
230157,5
230167,8
518037,2
229437,8
518007,7
229447,1
206987,3
233777,9
233787,7
233817,9
47849007,5
47849017,4
47849027,6
47849037,5
205627,8
230177,9
47849057,8
47849067,5
205207,5
47849087,6
47849347,6
47849097,4
47849107,7
47849117,2
47849127,6
46953007,8
47849137,4
47849147,9
47849157,2
47849167,5
47849177,6
47849187,3
47849217,3
47849257,8
206097,5
47849277,2
47849297,7
47849307,5
202827,7
223727,6
222617,5
223177,7
223187,1
223197,8
223207,9
223217,8
223227,6
223237,5
47959027,7
47959017,5
222797,8
47849317,9
47849267,3
206267,9
205657,3
231387,8
209977,2
215297,7
215577,6
215537,8
215547,9
215447,9
215457,8
215507,3
215367,6
207147,8
404407,3
207117,9
404457,6
202507,3
48347007,8
213927,8
213937,1
213587,1
225767,8
213067,4
239747,1
212997,4
212167,2
213007,6
213017,3
212247,7
217837,5
211067,6
202497,8
46156557,9
212157,8
46156527,4
214387,4
217527,6
517997,2
214447,7
225727,7
214507,9
213597,7
213647,5
213637,9
211077,9
212397,9
213437,6
213447,2
213407,1
45081037,7
213537,6
518147,9
206577,4
213317,4
208837,7
225677,4
224027,1
204367,7
229897,9
46514017,4
205297,2
203207,4
203457,1
232858,8
226018,9
46486018,2
46156118,4
234038,5
517658,5
219518,4
222718,7
223028,9
223158,5
224308,4
47959068,3
239878,3
43664088,6
223838,2
223868,1
223898,6
223908,8
223928,9
223938,3
223828,7
222628,7
205368,2
209978,3
206258,3
215298,4
5014018,2
215328,8
215448,7
215458,2
215508,2
215368,7
207148,6
404408,2
207118,4
404458,9
230158,7
230168,8
229438,2
202508,3
229448,3
213928,5
213938,5
213588,3
225768,5
213068,3
203208,5
518008,4
203458,8
212998,8
213008,9
213018,3
217838,4
212248,3
211068,8
212158,4
217998,7
210888,8
208838,7
202498,1
204598,9
229918,2
214018,6
48559038,4
211228,8
210808,3
217988,5
217608,4
239808,3
29030008,7
215818,7
46156618,2
214378,9
217528,1
517998,2
214508,3
225668,7
213598,8
213648,9
213638,4
211078,3
212398,7
212758,2
213438,2
210948,7
213448,6
213408,4
45081038,7
213538,6
518148,9
206578,4
213318,5
518038,7
206178,4
225728,7
225678,7
204368,8
205298,7
229898,7
224028,9
205288,1
46514018,6
230778,3
229908,9
239748,2
212168,1
204788,4
225618,9
215798,9
218098,4
214758,8
46037018,4
43332238,3
43332268,2
43332228,9
47121028,6
237298,2
43332138,7
